{"means": [1.1351415499603965, -0.3875840713656668, 3.1532206381534245, 5.968246067797267, -243.3409493686354, 22.167956551255937], "stds": [5.220355307226774, 5.2105620410620395, 4.1600794986016885, 3.113635745629709, 8.817647115536591, 97.80822542329632]}